category,title,story,url
Business,Business,"Econet says it wants to make all remittances into Zimbabwe freeEconet’s group chief executive, Douglas Mboweni, said the initiative would remain in place for some timeByDonald Nyandoro14h ago",#
Business,Business,Business,#
Business,,General Beltings seeks to consolidate market positionByMelody Chikono4h ago,https://www.newsday.co.zw/business/article/200026600/general-beltings-seeks-to-consolidate-market-position
Business,,He said the lesson learnt from last year was that WestProp was supposed to do a book building exercise to whet the market’s appetite about the IPO.,https://www.newsday.co.zw/business/article/200026602/westprop-plots-mega-capital-raise
Business,Econet says it wants to make all remittances into Zimbabwe free,,https://www.newsday.co.zw/business/article/200026610/econet-says-it-wants-to-make-all-remittances-into-zimbabwe-free
Business,,,https://www.newsday.co.zw/business/article/200026610/econet-says-it-wants-to-make-all-remittances-into-zimbabwe-free
Business,We’ll soar like an eagle: Zimre,,https://www.newsday.co.zw/business/article/200026566/well-soar-like-an-eagle-zimre
Business,,,https://www.newsday.co.zw/business/article/200026566/well-soar-like-an-eagle-zimre
Business,Fidelity profit rises by 1 000%,,https://www.newsday.co.zw/business/article/200026573/fidelity-profit-rises-by-1-000
Business,,,https://www.newsday.co.zw/business/article/200026573/fidelity-profit-rises-by-1-000
Business,Govt introduces fresh tax to keep forex inland,,https://www.newsday.co.zw/business/article/200026572/govt-introduces-fresh-tax-to-keep-forex-inland
Business,,,https://www.newsday.co.zw/business/article/200026572/govt-introduces-fresh-tax-to-keep-forex-inland
Business,ZCTU mourns over low wages,,https://www.newsday.co.zw/business/article/200026540/zctu-mourns-over-low-wages
Business,,,https://www.newsday.co.zw/business/article/200026540/zctu-mourns-over-low-wages
Business,‘Entrepreneurs need to enter into alliances’,,https://www.newsday.co.zw/business/article/200026539/entrepreneurs-need-to-enter-into-alliances
Business,,,https://www.newsday.co.zw/business/article/200026539/entrepreneurs-need-to-enter-into-alliances
Business,CBZ to monitor risks to protect 330% profit,,https://www.newsday.co.zw/business/article/200026541/cbz-to-monitor-risks-to-protect-330-profit
Business,,,https://www.newsday.co.zw/business/article/200026541/cbz-to-monitor-risks-to-protect-330-profit
Business,African Sun flush with cash for capital investments,,https://www.newsday.co.zw/business/article/200026364/african-sun-flush-with-cash-for-capital-investments
Business,,,https://www.newsday.co.zw/business/article/200026364/african-sun-flush-with-cash-for-capital-investments
Business,WestProp unveils US$300m mixed-use estate in urban renewal push,,https://www.newsday.co.zw/business/article/200026375/westprop-unveils-us300m-mixed-use-estate-in-urban-renewal-push
Business,,,https://www.newsday.co.zw/business/article/200026375/westprop-unveils-us300m-mixed-use-estate-in-urban-renewal-push
Business,Watch ZiG closely: Fews Net,,https://www.newsday.co.zw/business/article/200026376/watch-zig-closely-fews-net
Business,,,https://www.newsday.co.zw/business/article/200026376/watch-zig-closely-fews-net
Business,RTG Abridged financial results year ended 31 Decemeber  2023,,https://www.newsday.co.zw/business/article/200026358/rtg-abridged-financial-results-year-ended-31-decemeber-2023
Business,,,https://www.newsday.co.zw/business/article/200026358/rtg-abridged-financial-results-year-ended-31-decemeber-2023
Business,Zim to achieve zero tariffs by 2035,,https://www.newsday.co.zw/business/article/200026334/zim-to-achieve-zero-tariffs-by-2035
Business,,,https://www.newsday.co.zw/business/article/200026334/zim-to-achieve-zero-tariffs-by-2035
Business,Zimplats spends US$789 million on projects,,https://www.newsday.co.zw/business/article/200026333/zimplats-spends-us789-million-on-projects
Business,,,https://www.newsday.co.zw/business/article/200026333/zimplats-spends-us789-million-on-projects
Business,Econet in a remittance first for Zimbabwe,,https://www.newsday.co.zw/business/article/200026356/econet-in-a-remittance-first-for-zimbabwe
Business,,,https://www.newsday.co.zw/business/article/200026356/econet-in-a-remittance-first-for-zimbabwe
Business,A third of Zim’s industry ready for AfCFTA: CZI,,https://www.newsday.co.zw/business/article/200026304/a-third-of-zims-industry-ready-for-afcfta-czi
Business,,,https://www.newsday.co.zw/business/article/200026304/a-third-of-zims-industry-ready-for-afcfta-czi
Business,Kuvimba CEO steps down,,https://www.newsday.co.zw/business/article/200026305/kuvimba-ceo-steps-down
Business,,,https://www.newsday.co.zw/business/article/200026305/kuvimba-ceo-steps-down
Business,Risk management and insurance club launched at GZU,,https://www.newsday.co.zw/business/article/200026307/risk-management-and-insurance-club-launched-at-gzu
Business,,,https://www.newsday.co.zw/business/article/200026307/risk-management-and-insurance-club-launched-at-gzu
Business,Metbank eyes more forex loans to drive profitability,,https://www.newsday.co.zw/business/article/200026306/metbank-eyes-more-forex-loans-to-drive-profitability
Business,,,https://www.newsday.co.zw/business/article/200026306/metbank-eyes-more-forex-loans-to-drive-profitability
Business,Caledonia revenue to grow by 17% in FY24,,https://www.newsday.co.zw/business/article/200026285/caledonia-revenue-to-grow-by-17-in-fy24
Business,,,https://www.newsday.co.zw/business/article/200026285/caledonia-revenue-to-grow-by-17-in-fy24
Business,Botswana eyes investment opportunities in Zim,,https://www.newsday.co.zw/business/article/200026286/botswana-eyes-investment-opportunities-in-zim
Business,,,https://www.newsday.co.zw/business/article/200026286/botswana-eyes-investment-opportunities-in-zim
Business,Zimplow completes Barzem acquisition,,https://www.newsday.co.zw/business/article/200026287/zimplow-completes-barzem-acquisition
Business,,,https://www.newsday.co.zw/business/article/200026287/zimplow-completes-barzem-acquisition
Business,Food prices rise as inflation swells,,https://www.newsday.co.zw/business/article/200026288/food-prices-rise-as-inflation-swells
Business,,,https://www.newsday.co.zw/business/article/200026288/food-prices-rise-as-inflation-swells
Business,Boost for local firms as credit insurance product covers imports from SA,,https://www.newsday.co.zw/business/article/200026244/boost-for-local-firms-as-credit-insurance-product-covers-imports-from-sa
Business,,,https://www.newsday.co.zw/business/article/200026244/boost-for-local-firms-as-credit-insurance-product-covers-imports-from-sa
Business,Forex revenue gains propels RTG  to sixfold rise in profitability,,https://www.newsday.co.zw/business/article/200026246/forex-revenue-gains-propels-rtg-to-sixfold-rise-in-profitability
Business,,,https://www.newsday.co.zw/business/article/200026246/forex-revenue-gains-propels-rtg-to-sixfold-rise-in-profitability
Business,BNC appoints Masvipe as acting FD,,https://www.newsday.co.zw/business/article/200026245/bnc-appoints-masvipe-as-acting-fd
Business,,,https://www.newsday.co.zw/business/article/200026245/bnc-appoints-masvipe-as-acting-fd
Business,Lack of legal backing hurting SMEs,,https://www.newsday.co.zw/business/article/200026079/lack-of-legal-backing-hurting-smes
Business,,,https://www.newsday.co.zw/business/article/200026079/lack-of-legal-backing-hurting-smes
Business,Latest stories,,/
Business,World Business,"Hippo earnings seen softeningIn an analysis of the firm’s financial statements for the full year ended March 31, 2022, IH said that downside risks still existed from high financial costs.ByMthandazo NyoniSep. 23, 2022",#
Business,World Business,World Business,#
Business,,"Stanbic launches electronic exporters’ guide to promote Zim, China tradeByBusiness ReporterOct. 27, 2023",https://www.newsday.co.zw/world-business/article/200018608/stanbic-launches-electronic-exporters-guide-to-promote-zim-china-trade
Business,,This comes at a time when the country is struggling to settle public debts in excess of US$19 billion.,https://www.newsday.co.zw/world-business/article/200001929/zim-needs-to-monitor-its-borrowings
Business,Hippo earnings seen softening,,https://www.newsday.co.zw/world-business/article/200000857/hippo-earnings-seen-softening
Business,,,https://www.newsday.co.zw/world-business/article/200000857/hippo-earnings-seen-softening
Business,5 Reasons Why the Cryptocurrency is the Future.,,https://www.newsday.co.zw/world-business/article/34473/5-reasons-why-the-cryptocurrency-is-the-future
Business,,,https://www.newsday.co.zw/world-business/article/34473/5-reasons-why-the-cryptocurrency-is-the-future
Business,"Ramaphosa one year in: Much consultation, still not enough implementation",,https://www.newsday.co.zw/world-business/article/59505/ramaphosa-one-year-in-much-consultation-still-not-enough-implementation
Business,,,https://www.newsday.co.zw/world-business/article/59505/ramaphosa-one-year-in-much-consultation-still-not-enough-implementation
Business,"UK banks fear public, politicians set against them on Brexit",,https://www.newsday.co.zw/world-business/article/84999/uk-banks-fear-public-politicians-set-against-them-on-brexit
Business,,,https://www.newsday.co.zw/world-business/article/84999/uk-banks-fear-public-politicians-set-against-them-on-brexit
Business,Mainland Chinese shares stop trading after 7% plunge,,https://www.newsday.co.zw/world-business/article/94739/mainland-chinese-shares-stop-trading-after-7-plunge
Business,,,https://www.newsday.co.zw/world-business/article/94739/mainland-chinese-shares-stop-trading-after-7-plunge
Business,"Dollar steady, Aussie jumps on inflation rise",,https://www.newsday.co.zw/world-business/article/148076/dollar-steady-aussie-jumps-on-inflation-rise
Business,,,https://www.newsday.co.zw/world-business/article/148076/dollar-steady-aussie-jumps-on-inflation-rise
Business,JPMorgan sues Berlin transport provider over contract,,https://www.newsday.co.zw/world-business/article/148284/jpmorgan-sues-berlin-transport-provider-over-contract
Business,,,https://www.newsday.co.zw/world-business/article/148284/jpmorgan-sues-berlin-transport-provider-over-contract
Business,"‘UK economic recovery boosts financial firms’ profits, jobs’",,https://www.newsday.co.zw/world-business/article/148341/uk-economic-recovery-boosts-financial-firms-profits-jobs
Business,,,https://www.newsday.co.zw/world-business/article/148341/uk-economic-recovery-boosts-financial-firms-profits-jobs
Business,Dollar tumbles vs yen as US jobs data weighs,,https://www.newsday.co.zw/world-business/article/148978/dollar-tumbles-vs-yen-as-us-jobs-data-weighs
Business,,,https://www.newsday.co.zw/world-business/article/148978/dollar-tumbles-vs-yen-as-us-jobs-data-weighs
Business,‘Banks face new probe over mortgage bond trades post 2008’,,https://www.newsday.co.zw/world-business/article/149322/banks-face-new-probe-over-mortgage-bond-trades-post-2008
Business,,,https://www.newsday.co.zw/world-business/article/149322/banks-face-new-probe-over-mortgage-bond-trades-post-2008
Business,Retreating US stimulus poses risk to world recovery,,https://www.newsday.co.zw/world-business/article/149882/retreating-us-stimulus-poses-risk-to-world-recovery
Business,,,https://www.newsday.co.zw/world-business/article/149882/retreating-us-stimulus-poses-risk-to-world-recovery
Business,Fuel prices to go down in November: Zera,,https://www.newsday.co.zw/world-business/article/157063/fuel-prices-to-go-down-in-november-zera
Business,,,https://www.newsday.co.zw/world-business/article/157063/fuel-prices-to-go-down-in-november-zera
Business,Fuel prices to go down in November: Zera,,https://www.newsday.co.zw/world-business/article/157069/fuel-prices-to-go-down-in-november-zera
Business,,,https://www.newsday.co.zw/world-business/article/157069/fuel-prices-to-go-down-in-november-zera
Business,China central bank set for modest policy tightening,,https://www.newsday.co.zw/world-business/article/157097/china-central-bank-set-for-modest-policy-tightening
Business,,,https://www.newsday.co.zw/world-business/article/157097/china-central-bank-set-for-modest-policy-tightening
Business,"US debt deal hopes boost shares, dollar steady",,https://www.newsday.co.zw/world-business/article/157821/us-debt-deal-hopes-boost-shares-dollar-steady
Business,,,https://www.newsday.co.zw/world-business/article/157821/us-debt-deal-hopes-boost-shares-dollar-steady
Business,China inflation at 7-month high,,https://www.newsday.co.zw/world-business/article/157958/china-inflation-at-7-month-high
Business,,,https://www.newsday.co.zw/world-business/article/157958/china-inflation-at-7-month-high
Business,Sub-Saharan Africa to register growth: IMF,,https://www.newsday.co.zw/world-business/article/158095/sub-saharan-africa-to-register-growth-imf
Business,,,https://www.newsday.co.zw/world-business/article/158095/sub-saharan-africa-to-register-growth-imf
Business,US debt fears raise heat on Treasury bills as collateral,,https://www.newsday.co.zw/world-business/article/158149/us-debt-fears-raise-heat-on-treasury-bills-as-collateral
Business,,,https://www.newsday.co.zw/world-business/article/158149/us-debt-fears-raise-heat-on-treasury-bills-as-collateral
Business,Dollar advances vs yen,,https://www.newsday.co.zw/world-business/article/158579/dollar-advances-vs-yen
Business,,,https://www.newsday.co.zw/world-business/article/158579/dollar-advances-vs-yen
Business,"Dollar falls, investors calm over US shutdown",,https://www.newsday.co.zw/world-business/article/159802/dollar-falls-investors-calm-over-us-shutdown
Business,,,https://www.newsday.co.zw/world-business/article/159802/dollar-falls-investors-calm-over-us-shutdown
Business,Euro zone inflation falls to 3-year low in September,,https://www.newsday.co.zw/world-business/article/160104/euro-zone-inflation-falls-to-3-year-low-in-september
Business,,,https://www.newsday.co.zw/world-business/article/160104/euro-zone-inflation-falls-to-3-year-low-in-september
Business,Euro zone inflation falls to 3-year low in September,,https://www.newsday.co.zw/world-business/article/160105/euro-zone-inflation-falls-to-3-year-low-in-september
Business,,,https://www.newsday.co.zw/world-business/article/160105/euro-zone-inflation-falls-to-3-year-low-in-september
Business,Euro zone inflation falls to 3-year low in September,,https://www.newsday.co.zw/world-business/article/160106/euro-zone-inflation-falls-to-3-year-low-in-september
Business,,,https://www.newsday.co.zw/world-business/article/160106/euro-zone-inflation-falls-to-3-year-low-in-september
Business,EU watchdog wants to charge foreign clearing houses,,https://www.newsday.co.zw/world-business/article/160340/eu-watchdog-wants-to-charge-foreign-clearing-houses
Business,,,https://www.newsday.co.zw/world-business/article/160340/eu-watchdog-wants-to-charge-foreign-clearing-houses
Business,EU watchdog wants to charge foreign clearing houses,,https://www.newsday.co.zw/world-business/article/160343/eu-watchdog-wants-to-charge-foreign-clearing-houses
Business,,,https://www.newsday.co.zw/world-business/article/160343/eu-watchdog-wants-to-charge-foreign-clearing-houses
Business,More top executives jump ship at Bahraini telecom firm,,https://www.newsday.co.zw/world-business/article/160795/more-top-executives-jump-ship-at-bahraini-telecom-firm
Business,,,https://www.newsday.co.zw/world-business/article/160795/more-top-executives-jump-ship-at-bahraini-telecom-firm
Business,Latest stories,,/
Business,Finance,"Zimnat partners Access Finance to offer bureau de change servicesZIMNAT General Insurance has entered into partnership with Access Finance for the provision of bureau de change services across the country.By The NewsDaySep. 4, 2019",#
Business,Finance,Finance,#
Business,,"Access Finance launches US$200k COVID-19 relief initiativeBy The NewsDayApr. 3, 2020",https://www.newsday.co.zw/finance/article/47642/access-finance-launches-us200k-covid-19-relief-initiative
Business,,"ONE of the two areas the 2020 national budget focuses on is jobs, specifically, unemployment and underemployment among mainly the youth.",https://www.newsday.co.zw/finance/article/50184/what-finance-bill-no-3-entails
Business,Zimnat partners Access Finance to offer bureau de change services,,https://www.newsday.co.zw/finance/article/52752/zimnat-partners-access-finance-to-offer-bureau-de-change-services
Business,,,https://www.newsday.co.zw/finance/article/52752/zimnat-partners-access-finance-to-offer-bureau-de-change-services
Business,"Micro-finance credit rises 26,4%",,https://www.newsday.co.zw/finance/article/52895/micro-finance-credit-rises-264
Business,,,https://www.newsday.co.zw/finance/article/52895/micro-finance-credit-rises-264
Business,"Zimcodd bemoans lack of coherence between Finance ministry, Zimra",,https://www.newsday.co.zw/finance/article/53318/zimcodd-bemoans-lack-of-coherence-between-finance-ministry-zimra
Business,,,https://www.newsday.co.zw/finance/article/53318/zimcodd-bemoans-lack-of-coherence-between-finance-ministry-zimra
Business,Access Finance expands footprint,,https://www.newsday.co.zw/finance/article/53450/access-finance-expands-footprint
Business,,,https://www.newsday.co.zw/finance/article/53450/access-finance-expands-footprint
Business,Latest stories,,/
Politics,Politics,"Chaos rocks MDC-TBY MOSES MATENGA CHAOS and fierce factional fights continue to rock the Thokozani Khupe-led MDC-T faction after a camp sympathetic to acting secretary-general Douglas Mwonzora nominated him to take over as party leader ahead of the planned extra-ordinary congress. The development reportedly irked acting party chairperson Morgen Komichi, who on Thursday threatened disciplinary action against […]By The NewsDayJul. 25, 2020",#
Politics,Politics,Politics,#
Politics,,"Guinea ministers ‘to declare assets to curb corruption’By The NewsDayDec. 16, 2020",https://www.newsday.co.zw/politics/article/40945/guinea-ministers-8216to-declare-assets-to-curb-corruption8217
Politics,,"BY KENNETH NYANGANI SPEAKER of the National Assembly Jacob Mudenda (pictured) has said he does not enjoy recalling legislators, but was mandated to follow the Constitution. He made the remarks in Mutare on Thursday at the Parliamentary Portfolio Committee on Mines Mining Development meeting to review legislation and policies governing the mining industry in Zimbabwe. […]",https://www.newsday.co.zw/politics/article/45396/i-am-following-the-constitution-in-recalling-mps-mudenda
Politics,Chaos rocks MDC-T,,https://www.newsday.co.zw/politics/article/45411/chaos-rocks-mdc-t
Politics,,,https://www.newsday.co.zw/politics/article/45411/chaos-rocks-mdc-t
Politics,United Nations calls out ED,,https://www.newsday.co.zw/politics/article/45412/united-nations-calls-out-ed
Politics,,,https://www.newsday.co.zw/politics/article/45412/united-nations-calls-out-ed
Politics,Le Savage launches new music video,,https://www.newsday.co.zw/politics/article/45751/le-savage-launches-new-music-video
Politics,,,https://www.newsday.co.zw/politics/article/45751/le-savage-launches-new-music-video
Politics,Zimbabweans have an ultimate duty of freeing themselves from the jaws of a crocodile,,https://www.newsday.co.zw/politics/article/46161/zimbabweans-have-an-ultimate-duty-of-freeing-themselves-from-the-jaws-of-a-crocodile
Politics,,,https://www.newsday.co.zw/politics/article/46161/zimbabweans-have-an-ultimate-duty-of-freeing-themselves-from-the-jaws-of-a-crocodile
Politics,Zim govt at war with citizens: MDC Alliance,,https://www.newsday.co.zw/politics/article/46165/zim-govt-at-war-with-citizens-mdc-alliance
Politics,,,https://www.newsday.co.zw/politics/article/46165/zim-govt-at-war-with-citizens-mdc-alliance
Politics,MDC Alliance activists trial in false start,,https://www.newsday.co.zw/politics/article/46200/mdc-alliance-activists-trial-in-false-start
Politics,,,https://www.newsday.co.zw/politics/article/46200/mdc-alliance-activists-trial-in-false-start
Politics,Tendai Biti: The story of my arrest in Mnangagwa’s tinpot Zimbabwe,,https://www.newsday.co.zw/politics/article/46211/tendai-biti-the-story-of-my-arrest-in-mnangagwas-tinpot-zimbabwe
Politics,,,https://www.newsday.co.zw/politics/article/46211/tendai-biti-the-story-of-my-arrest-in-mnangagwas-tinpot-zimbabwe
Politics,Teachers petition govt over schools re-opening,,https://www.newsday.co.zw/politics/article/46505/teachers-petition-govt-over-schools-re-opening
Politics,,,https://www.newsday.co.zw/politics/article/46505/teachers-petition-govt-over-schools-re-opening
Politics,Authorities must reveal whereabouts of missing activists,,https://www.newsday.co.zw/politics/article/46749/authorities-must-reveal-whereabouts-of-missing-activists
Politics,,,https://www.newsday.co.zw/politics/article/46749/authorities-must-reveal-whereabouts-of-missing-activists
Politics,Authorities must account for the disappearance of three opposition leaders,,https://www.newsday.co.zw/politics/article/46750/authorities-must-account-for-the-disappearance-of-three-opposition-leaders
Politics,,,https://www.newsday.co.zw/politics/article/46750/authorities-must-account-for-the-disappearance-of-three-opposition-leaders
Politics,Mwonzora reinstates Victoria Falls mayor,,https://www.newsday.co.zw/politics/article/46908/mwonzora-reinstates-victoria-falls-mayor
Politics,,,https://www.newsday.co.zw/politics/article/46908/mwonzora-reinstates-victoria-falls-mayor
Politics,6 MDC youths nabbed over Kwekwe demo,,https://www.newsday.co.zw/politics/article/47766/6-mdc-youths-nabbed-over-kwekwe-demo
Politics,,,https://www.newsday.co.zw/politics/article/47766/6-mdc-youths-nabbed-over-kwekwe-demo
Politics,"US firm Railnet plans $11bn Zambia, Moz, Zim railway project",,https://www.newsday.co.zw/politics/article/48193/us-firm-railnet-plans-11bn-zambia-moz-zim-railway-project
Politics,,,https://www.newsday.co.zw/politics/article/48193/us-firm-railnet-plans-11bn-zambia-moz-zim-railway-project
Politics,Chamisa meets Byo’s divided structures,,https://www.newsday.co.zw/politics/article/48804/chamisa-meets-byos-divided-structures
Politics,,,https://www.newsday.co.zw/politics/article/48804/chamisa-meets-byos-divided-structures
Politics,Fireworks expected at Zanu PF politburo,,https://www.newsday.co.zw/politics/article/49006/fireworks-expected-at-zanu-pf-politburo
Politics,,,https://www.newsday.co.zw/politics/article/49006/fireworks-expected-at-zanu-pf-politburo
Politics,Zanu PF fat cat sweats over reclaimed property,,https://www.newsday.co.zw/politics/article/49182/zanu-pf-fat-cat-sweats-over-reclaimed-property
Politics,,,https://www.newsday.co.zw/politics/article/49182/zanu-pf-fat-cat-sweats-over-reclaimed-property
Politics,Zapu sets congress dates,,https://www.newsday.co.zw/politics/article/49727/zapu-sets-congress-dates
Politics,,,https://www.newsday.co.zw/politics/article/49727/zapu-sets-congress-dates
Politics,Zapu wants transitional authority to tackle crisis,,https://www.newsday.co.zw/politics/article/49860/zapu-wants-transitional-authority-to-tackle-crisis
Politics,,,https://www.newsday.co.zw/politics/article/49860/zapu-wants-transitional-authority-to-tackle-crisis
Politics,Zinasu congress faces court challenge,,https://www.newsday.co.zw/politics/article/50088/zinasu-congress-faces-court-challenge
Politics,,,https://www.newsday.co.zw/politics/article/50088/zinasu-congress-faces-court-challenge
Politics,Pembi Bridge splits Zanu PF supporters,,https://www.newsday.co.zw/politics/article/50390/pembi-bridge-splits-zanu-pf-supporters
Politics,,,https://www.newsday.co.zw/politics/article/50390/pembi-bridge-splits-zanu-pf-supporters
Politics,Zim dollar devaluation haunts PPC,,https://www.newsday.co.zw/politics/article/50538/zim-dollar-devaluation-haunts-ppc
Politics,,,https://www.newsday.co.zw/politics/article/50538/zim-dollar-devaluation-haunts-ppc
Politics,Mnangagwa unleashed vicious crack unit on us: MDC,,https://www.newsday.co.zw/politics/article/50657/mnangagwa-unleashed-vicious-crack-unit-on-us-mdc
Politics,,,https://www.newsday.co.zw/politics/article/50657/mnangagwa-unleashed-vicious-crack-unit-on-us-mdc
Politics,"Zivhu slams bootlicking Zanu PF bigwigs, govt officials",,https://www.newsday.co.zw/politics/article/51017/zivhu-slams-bootlicking-zanu-pf-bigwigs-govt-officials
Politics,,,https://www.newsday.co.zw/politics/article/51017/zivhu-slams-bootlicking-zanu-pf-bigwigs-govt-officials
Politics,"Chamisa, Khupe fight: Judgment reserved",,https://www.newsday.co.zw/politics/article/51472/chamisa-khupe-fight-judgment-reserved
Politics,,,https://www.newsday.co.zw/politics/article/51472/chamisa-khupe-fight-judgment-reserved
Politics,MDC Midlands gears for 2023 elections,,https://www.newsday.co.zw/politics/article/51557/mdc-midlands-gears-for-2023-elections
Politics,,,https://www.newsday.co.zw/politics/article/51557/mdc-midlands-gears-for-2023-elections
Politics,Zanu PF Mat South youth leader booted out,,https://www.newsday.co.zw/politics/article/51757/zanu-pf-mat-south-youth-leader-booted-out
Politics,,,https://www.newsday.co.zw/politics/article/51757/zanu-pf-mat-south-youth-leader-booted-out
Politics,Latest stories,,/
Arts & Culture,Life & Style,"US fans inspire FreemanOther local artistes who performed in Dallas at the two-day festival on March 28 were Trevor Dongo, Tariro Gezi and Julian King.ByAlbert MasakaMay. 7, 2024",#
Arts & Culture,Life & Style,Life & Style,#
Arts & Culture,,Gemma Griffiths pays tribute to Bob NyabindeBySHARON ZEBRA4h ago,https://www.newsday.co.zw/life-amp-style/article/200026598/gemma-griffiths-pays-tribute-to-bob-nyabinde
Arts & Culture,,"The report further noted that violence can negatively affect women’s physical, mental, sexual and reproductive health and may increase the risk of acquiring HIV in some settings.",https://www.newsday.co.zw/life-amp-style/article/200026577/drug-abuse-scourge-also-taking-a-toll-on-women
Arts & Culture,US fans inspire Freeman,,https://www.newsday.co.zw/life-amp-style/article/200026578/us-fans-inspire-freeman
Arts & Culture,,,https://www.newsday.co.zw/life-amp-style/article/200026578/us-fans-inspire-freeman
Arts & Culture,Queens Sports Club in 'good' state after Byo Shutdown: Management,,https://www.newsday.co.zw/life-amp-style/article/200026586/queens-sports-club-in-good-state-after-byo-shutdown-management
Arts & Culture,,,https://www.newsday.co.zw/life-amp-style/article/200026586/queens-sports-club-in-good-state-after-byo-shutdown-management
Arts & Culture,Chibuku Neshamwari festival dates set,,https://www.newsday.co.zw/life-amp-style/article/200026544/chibuku-neshamwari-festival-dates-set
Arts & Culture,,,https://www.newsday.co.zw/life-amp-style/article/200026544/chibuku-neshamwari-festival-dates-set
Arts & Culture,‘Content piracy threatening millions of livelihoods’,,https://www.newsday.co.zw/life-amp-style/article/200026543/content-piracy-threatening-millions-of-livelihoods
Arts & Culture,,,https://www.newsday.co.zw/life-amp-style/article/200026543/content-piracy-threatening-millions-of-livelihoods
Arts & Culture,Exploring Bling 4's music themes,,https://www.newsday.co.zw/life-amp-style/article/200026447/exploring-bling-4s-music-themes
Arts & Culture,,,https://www.newsday.co.zw/life-amp-style/article/200026447/exploring-bling-4s-music-themes
Arts & Culture,Model urges men to seek help when vulnerable,,https://www.newsday.co.zw/life-amp-style/article/200026363/model-urges-men-to-seek-help-when-vulnerable
Arts & Culture,,,https://www.newsday.co.zw/life-amp-style/article/200026363/model-urges-men-to-seek-help-when-vulnerable
Arts & Culture,Mlalazi acknowledges fans request for Manyowa collabo,,https://www.newsday.co.zw/life-amp-style/article/200026362/mlalazi-acknowledges-fans-request-for-manyowa-collabo
Arts & Culture,,,https://www.newsday.co.zw/life-amp-style/article/200026362/mlalazi-acknowledges-fans-request-for-manyowa-collabo
Arts & Culture,Flying Bantu aims to attain regional appeal,,https://www.newsday.co.zw/life-amp-style/article/200026330/flying-bantu-aims-to-attain-regional-appeal
Arts & Culture,,,https://www.newsday.co.zw/life-amp-style/article/200026330/flying-bantu-aims-to-attain-regional-appeal
Arts & Culture,ZAOGA preserves Guti’s legacy,,https://www.newsday.co.zw/life-amp-style/article/200026331/zaoga-preserves-gutis-legacy
Arts & Culture,,,https://www.newsday.co.zw/life-amp-style/article/200026331/zaoga-preserves-gutis-legacy
Arts & Culture,Stellar performances mark local edition of International Jazz Day,,https://www.newsday.co.zw/life-amp-style/article/200026594/stellar-performances-mark-local-edition-of-international-jazz-day
Arts & Culture,,,https://www.newsday.co.zw/life-amp-style/article/200026594/stellar-performances-mark-local-edition-of-international-jazz-day
Arts & Culture,Gurira amplifies voices of vulnerable women,,https://www.newsday.co.zw/life-amp-style/article/200026309/gurira-amplifies-voices-of-vulnerable-women
Arts & Culture,,,https://www.newsday.co.zw/life-amp-style/article/200026309/gurira-amplifies-voices-of-vulnerable-women
Arts & Culture,"Nyanga: A tale of courage, conservation amid adversity",,https://www.newsday.co.zw/life-amp-style/article/200026308/nyanga-a-tale-of-courage-conservation-amid-adversity
Arts & Culture,,,https://www.newsday.co.zw/life-amp-style/article/200026308/nyanga-a-tale-of-courage-conservation-amid-adversity
Arts & Culture,Kumbekumbe Street Café lives up to its billing,,https://www.newsday.co.zw/life-amp-style/article/200026276/kumbekumbe-street-cafe-lives-up-to-its-billing
Arts & Culture,,,https://www.newsday.co.zw/life-amp-style/article/200026276/kumbekumbe-street-cafe-lives-up-to-its-billing
Arts & Culture,Anibal’s pre-album launch set for sharing experiences,,https://www.newsday.co.zw/life-amp-style/article/200026277/anibals-pre-album-launch-set-for-sharing-experiences
Arts & Culture,,,https://www.newsday.co.zw/life-amp-style/article/200026277/anibals-pre-album-launch-set-for-sharing-experiences
Arts & Culture,All set for International Jazz Day celebrations,,https://www.newsday.co.zw/life-amp-style/article/200026278/all-set-for-international-jazz-day-celebrations
Arts & Culture,,,https://www.newsday.co.zw/life-amp-style/article/200026278/all-set-for-international-jazz-day-celebrations
Arts & Culture,Zimdancehall artiste Mbida D in court for fraud,,https://www.newsday.co.zw/life-amp-style/article/200026270/zimdancehall-artiste-mbida-d-in-court-for-fraud
Arts & Culture,,,https://www.newsday.co.zw/life-amp-style/article/200026270/zimdancehall-artiste-mbida-d-in-court-for-fraud
Arts & Culture,Brian Nhanhanga headlines Manicaland Jazz Fest,,https://www.newsday.co.zw/life-amp-style/article/200026248/brian-nhanhanga-headlines-manicaland-jazz-fest
Arts & Culture,,,https://www.newsday.co.zw/life-amp-style/article/200026248/brian-nhanhanga-headlines-manicaland-jazz-fest
Arts & Culture,Fashion show takes centre stage at Wedding Expo,,https://www.newsday.co.zw/life-amp-style/article/200026247/fashion-show-takes-centre-stage-at-wedding-expo
Arts & Culture,,,https://www.newsday.co.zw/life-amp-style/article/200026247/fashion-show-takes-centre-stage-at-wedding-expo
Arts & Culture,Modeling offers platform to lead by example,,https://www.newsday.co.zw/life-amp-style/article/200026158/modeling-offers-platform-to-lead-by-example
Arts & Culture,,,https://www.newsday.co.zw/life-amp-style/article/200026158/modeling-offers-platform-to-lead-by-example
Arts & Culture,"Celebrate, preserve culture for future generations: Ndinde",,https://www.newsday.co.zw/life-amp-style/article/200026080/celebrate-preserve-culture-for-future-generations-ndinde
Arts & Culture,,,https://www.newsday.co.zw/life-amp-style/article/200026080/celebrate-preserve-culture-for-future-generations-ndinde
Arts & Culture,Artistes plot a memorable jazz celebration,,https://www.newsday.co.zw/life-amp-style/article/200026081/artistes-plot-a-memorable-jazz-celebration
Arts & Culture,,,https://www.newsday.co.zw/life-amp-style/article/200026081/artistes-plot-a-memorable-jazz-celebration
Arts & Culture,"Nyasha David, a high-end creative",,https://www.newsday.co.zw/life-amp-style/article/200026082/nyasha-david-a-high-end-creative
Arts & Culture,,,https://www.newsday.co.zw/life-amp-style/article/200026082/nyasha-david-a-high-end-creative
Arts & Culture,Zim Folk Fusion hosts diverse sounds,,https://www.newsday.co.zw/life-amp-style/article/200026077/zim-folk-fusion-hosts-diverse-sounds
Arts & Culture,,,https://www.newsday.co.zw/life-amp-style/article/200026077/zim-folk-fusion-hosts-diverse-sounds
Arts & Culture,Author shares public speaking wisdom in book,,https://www.newsday.co.zw/life-amp-style/article/200026048/author-shares-public-speaking-wisdom-in-book
Arts & Culture,,,https://www.newsday.co.zw/life-amp-style/article/200026048/author-shares-public-speaking-wisdom-in-book
Arts & Culture,Classification of music instruments reflects cultural growth: Muchinga,,https://www.newsday.co.zw/life-amp-style/article/200026049/classification-of-music-instruments-reflects-cultural-growth-muchinga
Arts & Culture,,,https://www.newsday.co.zw/life-amp-style/article/200026049/classification-of-music-instruments-reflects-cultural-growth-muchinga
Arts & Culture,Organisers promise tight security at Byo Shut Down gig,,https://www.newsday.co.zw/life-amp-style/article/200026001/organisers-promise-tight-security-at-byo-shut-down-gig
Arts & Culture,,,https://www.newsday.co.zw/life-amp-style/article/200026001/organisers-promise-tight-security-at-byo-shut-down-gig
Arts & Culture,Latest stories,,/
Sports,Sport,"Where there’s William, there’s a wayThat proved to be the only meaningful chance in the uneventful second half.ByHenry MharaMay. 6, 2024",#
Sports,Sport,Sport,#
Sports,,"Matsikenyeri demands better from battersByAUSTIN KARONGAMay. 7, 2024",https://www.newsday.co.zw/sport/article/200026565/matsikenyeri-demands-better-from-batters
Sports,,Their arrival is a major boost for the country’s premier golf tournament which is set to run from May 9 to 12 at the 126-year-old golf facility in Harare.,https://www.newsday.co.zw/sport/article/200026570/vincent-duo-ready-for-zim-open
Sports,"Where there’s William, there’s a way",,https://www.newsday.co.zw/sport/article/200026553/where-theres-william-theres-a-way
Sports,,,https://www.newsday.co.zw/sport/article/200026553/where-theres-william-theres-a-way
Sports,Arenel frustrate Bosso,,https://www.newsday.co.zw/sport/article/200026554/arenel-frustrate-bosso
Sports,,,https://www.newsday.co.zw/sport/article/200026554/arenel-frustrate-bosso
Sports,Brito wants Warriors job,,https://www.newsday.co.zw/sport/article/200026461/brito-wants-warriors-job
Sports,,,https://www.newsday.co.zw/sport/article/200026461/brito-wants-warriors-job
Sports,"Bosso wary of Arenel, GameCocks host DeMbare",,https://www.newsday.co.zw/sport/article/200026462/bosso-wary-of-arenel-gamecocks-host-dembare
Sports,,,https://www.newsday.co.zw/sport/article/200026462/bosso-wary-of-arenel-gamecocks-host-dembare
Sports,Zifa take Warriors to Joburg,,https://www.newsday.co.zw/sport/article/200026389/zifa-take-warriors-to-joburg
Sports,,,https://www.newsday.co.zw/sport/article/200026389/zifa-take-warriors-to-joburg
Sports,Lack of incentives sniffles Young Sables,,https://www.newsday.co.zw/sport/article/200026388/lack-of-incentives-sniffles-young-sables
Sports,,,https://www.newsday.co.zw/sport/article/200026388/lack-of-incentives-sniffles-young-sables
Sports,Bosso won’t have it easy: Arenel,,https://www.newsday.co.zw/sport/article/200026387/bosso-wont-have-it-easy-arenel
Sports,,,https://www.newsday.co.zw/sport/article/200026387/bosso-wont-have-it-easy-arenel
Sports,Dynamos miss key trio,,https://www.newsday.co.zw/sport/article/200026361/dynamos-miss-key-trio
Sports,,,https://www.newsday.co.zw/sport/article/200026361/dynamos-miss-key-trio
Sports,Zim runner eyes victory in Turkey race,,https://www.newsday.co.zw/sport/article/200026346/zim-runner-eyes-victory-in-turkey-race
Sports,,,https://www.newsday.co.zw/sport/article/200026346/zim-runner-eyes-victory-in-turkey-race
Sports,Prince Dube’s transfer saga rages on,,https://www.newsday.co.zw/sport/article/200026347/prince-dubes-transfer-saga-rages-on
Sports,,,https://www.newsday.co.zw/sport/article/200026347/prince-dubes-transfer-saga-rages-on
Sports,End of the road for Lady Chevrons,,https://www.newsday.co.zw/sport/article/200026348/end-of-the-road-for-lady-chevrons
Sports,,,https://www.newsday.co.zw/sport/article/200026348/end-of-the-road-for-lady-chevrons
Sports,Academy’s Porto deal to help Zim players,,https://www.newsday.co.zw/sport/article/200026345/academys-porto-deal-to-help-zim-players
Sports,,,https://www.newsday.co.zw/sport/article/200026345/academys-porto-deal-to-help-zim-players
Sports,Another stern test for Mangombe,,https://www.newsday.co.zw/sport/article/200026322/another-stern-test-for-mangombe
Sports,,,https://www.newsday.co.zw/sport/article/200026322/another-stern-test-for-mangombe
Sports,D-Day for the Lady Chevrons,,https://www.newsday.co.zw/sport/article/200026321/d-day-for-the-lady-chevrons
Sports,,,https://www.newsday.co.zw/sport/article/200026321/d-day-for-the-lady-chevrons
Sports,PSL coaches raise a red flag,,https://www.newsday.co.zw/sport/article/200026294/psl-coaches-raise-a-red-flag
Sports,,,https://www.newsday.co.zw/sport/article/200026294/psl-coaches-raise-a-red-flag
Sports,"Mangombe is safe, says DeMbare executive",,https://www.newsday.co.zw/sport/article/200026295/mangombe-is-safe-says-dembare-executive
Sports,,,https://www.newsday.co.zw/sport/article/200026295/mangombe-is-safe-says-dembare-executive
Sports,Bosso burst Caps’ bubble,,https://www.newsday.co.zw/sport/article/200026263/bosso-burst-caps-bubble
Sports,,,https://www.newsday.co.zw/sport/article/200026263/bosso-burst-caps-bubble
Sports,"DeMbare, Ngezi in four-goal thriller",,https://www.newsday.co.zw/sport/article/200026259/dembare-ngezi-in-four-goal-thriller
Sports,,,https://www.newsday.co.zw/sport/article/200026259/dembare-ngezi-in-four-goal-thriller
Sports,Chimedza provides hope for the underprivileged.,,https://www.newsday.co.zw/sport/article/200026266/chimedza-provides-hope-for-the-underprivileged
Sports,,,https://www.newsday.co.zw/sport/article/200026266/chimedza-provides-hope-for-the-underprivileged
Sports,Manica Diamonds edge FC Platinum,,https://www.newsday.co.zw/sport/article/200026257/manica-diamonds-edge-fc-platinum
Sports,,,https://www.newsday.co.zw/sport/article/200026257/manica-diamonds-edge-fc-platinum
Sports,DeMbare seek revenge,,https://www.newsday.co.zw/sport/article/200026169/dembare-seek-revenge
Sports,,,https://www.newsday.co.zw/sport/article/200026169/dembare-seek-revenge
Sports,Caps switch focus to Bosso,,https://www.newsday.co.zw/sport/article/200026168/caps-switch-focus-to-bosso
Sports,,,https://www.newsday.co.zw/sport/article/200026168/caps-switch-focus-to-bosso
Sports,Bubbly Chicken Inn target Yadah scalp,,https://www.newsday.co.zw/sport/article/200026167/bubbly-chicken-inn-target-yadah-scalp
Sports,,,https://www.newsday.co.zw/sport/article/200026167/bubbly-chicken-inn-target-yadah-scalp
Sports,Green Machine stutters  back to life,,https://www.newsday.co.zw/sport/article/200026104/green-machine-stutters-back-to-life
Sports,,,https://www.newsday.co.zw/sport/article/200026104/green-machine-stutters-back-to-life
Sports,Another PSL match abandoned,,https://www.newsday.co.zw/sport/article/200026105/another-psl-match-abandoned
Sports,,,https://www.newsday.co.zw/sport/article/200026105/another-psl-match-abandoned
Sports,Manica Diamonds winning run continues,,https://www.newsday.co.zw/sport/article/200026103/manica-diamonds-winning-run-continues
Sports,,,https://www.newsday.co.zw/sport/article/200026103/manica-diamonds-winning-run-continues
Sports,Latest stories,,/
Sports,Other Sport,,#
Sports,Other Sport,Other Sport,#
Sports,Latest stories,,/
Sports,Soccer,"The pepper gas scandalThe pepper gas scandal The derby between River Plate and Boca Juniors is probably one of the fiercest rivalries in the entire world. Punters can make bets online with 1xBet bookmaker whenever these two teams play some incredibly exciting matches. In addition to being quite fierce, this rivalry can also be very spicy. It is […]ByThe StandardJun. 17, 2022",#
Sports,Soccer,Soccer,#
Sports,,"Benzema treble puts Real in command against ChelseaBy The NewsDayApr. 7, 2022",https://www.newsday.co.zw/soccer/article/5041/benzema-treble-puts-real-in-command-against-chelsea
Sports,,Supersport have been a pale shadow of themselves in the current DStv Premiership campaign as they are occupying eighth position with eight wins out of 23 matches.,https://www.newsday.co.zw/soccer/article/5221/tembos-future-at-supersport-hangs-in-balance
Sports,The pepper gas scandal,,https://www.newsday.co.zw/soccer/article/5006/the-pepper-gas-scandal
Sports,,,https://www.newsday.co.zw/soccer/article/5006/the-pepper-gas-scandal
Sports,Benzema treble puts Real in command against Chelsea,,https://www.newsday.co.zw/soccer/article/9360/benzema-treble-puts-real-in-command-against-chelsea
Sports,,,https://www.newsday.co.zw/soccer/article/9360/benzema-treble-puts-real-in-command-against-chelsea
Sports,Highlanders strike gold,,https://www.newsday.co.zw/soccer/article/9554/highlanders-strike-gold
Sports,,,https://www.newsday.co.zw/soccer/article/9554/highlanders-strike-gold
Sports,Tembo’s future at Supersport hangs in balance,,https://www.newsday.co.zw/soccer/article/9624/tembos-future-at-supersport-hangs-in-balance
Sports,,,https://www.newsday.co.zw/soccer/article/9624/tembos-future-at-supersport-hangs-in-balance
Sports,FC Platinum to miss key stars,,https://www.newsday.co.zw/soccer/article/10235/fc-platinum-to-miss-key-stars
Sports,,,https://www.newsday.co.zw/soccer/article/10235/fc-platinum-to-miss-key-stars
Sports,The proficient George Weah,,https://www.newsday.co.zw/soccer/article/10376/the-proficient-george-weah
Sports,,,https://www.newsday.co.zw/soccer/article/10376/the-proficient-george-weah
Sports,Top Football Teams in the DRC,,https://www.newsday.co.zw/soccer/article/14496/top-football-teams-in-the-drc
Sports,,,https://www.newsday.co.zw/soccer/article/14496/top-football-teams-in-the-drc
Sports,Premier League match postponed due to virus cases,,https://www.newsday.co.zw/soccer/article/18868/premier-league-match-postponed-due-to-virus-cases
Sports,,,https://www.newsday.co.zw/soccer/article/18868/premier-league-match-postponed-due-to-virus-cases
Sports,Ndiraya rallies DeMbare,,https://www.newsday.co.zw/soccer/article/21006/ndiraya-rallies-dembare
Sports,,,https://www.newsday.co.zw/soccer/article/21006/ndiraya-rallies-dembare
Sports,Neymar ruled out of PSG’s Champions League clash with Leipzig,,https://www.newsday.co.zw/soccer/article/21982/neymar-ruled-out-of-psg8217s-champions-league-clash-with-leipzig
Sports,,,https://www.newsday.co.zw/soccer/article/21982/neymar-ruled-out-of-psg8217s-champions-league-clash-with-leipzig
Sports,Hadebe boost for Warriors,,https://www.newsday.co.zw/soccer/article/22643/hadebe-boost-for-warriors
Sports,,,https://www.newsday.co.zw/soccer/article/22643/hadebe-boost-for-warriors
Sports,Arsenal Endure an Uncharacteristic Woeful Start,,https://www.newsday.co.zw/soccer/article/25693/arsenal-endure-an-uncharacteristic-woeful-start
Sports,,,https://www.newsday.co.zw/soccer/article/25693/arsenal-endure-an-uncharacteristic-woeful-start
Sports,Merrybet | Customer Care Number and Ways to Contact them,,https://www.newsday.co.zw/soccer/article/25766/merrybet-customer-care-number-and-ways-to-contact-them
Sports,,,https://www.newsday.co.zw/soccer/article/25766/merrybet-customer-care-number-and-ways-to-contact-them
Sports,Follow all live scores today football from a single place,,https://www.newsday.co.zw/soccer/article/25977/follow-all-live-scores-today-football-from-a-single-place
Sports,,,https://www.newsday.co.zw/soccer/article/25977/follow-all-live-scores-today-football-from-a-single-place
Sports,Bunjira pays tribute to Mugabe,,https://www.newsday.co.zw/soccer/article/26538/bunjira-pays-tribute-to-mugabe
Sports,,,https://www.newsday.co.zw/soccer/article/26538/bunjira-pays-tribute-to-mugabe
Sports,No special waivers: Govt,,https://www.newsday.co.zw/soccer/article/29962/no-special-waivers-govt
Sports,,,https://www.newsday.co.zw/soccer/article/29962/no-special-waivers-govt
Sports,Sport begs for ban relief,,https://www.newsday.co.zw/soccer/article/30027/sport-begs-for-ban-relief
Sports,,,https://www.newsday.co.zw/soccer/article/30027/sport-begs-for-ban-relief
Sports,Highlanders battle to draw,,https://www.newsday.co.zw/soccer/article/30922/highlanders-battle-to-draw
Sports,,,https://www.newsday.co.zw/soccer/article/30922/highlanders-battle-to-draw
Sports,Lifeless Dynamos held in Chibuku opener,,https://www.newsday.co.zw/soccer/article/31283/lifeless-dynamos-held-in-chibuku-opener
Sports,,,https://www.newsday.co.zw/soccer/article/31283/lifeless-dynamos-held-in-chibuku-opener
Sports,Taking a look at the available livescore for today,,https://www.newsday.co.zw/soccer/article/32808/taking-a-look-at-the-available-livescore-for-today
Sports,,,https://www.newsday.co.zw/soccer/article/32808/taking-a-look-at-the-available-livescore-for-today
Sports,Al-Ahly – The best African football club ever,,https://www.newsday.co.zw/soccer/article/33831/al-ahly-8211-the-best-african-football-club-ever
Sports,,,https://www.newsday.co.zw/soccer/article/33831/al-ahly-8211-the-best-african-football-club-ever
Sports,Five controversial umpiring IPL decisions in IPL history,,https://www.newsday.co.zw/soccer/article/34527/five-controversial-umpiring-ipl-decisions-in-ipl-history
Sports,,,https://www.newsday.co.zw/soccer/article/34527/five-controversial-umpiring-ipl-decisions-in-ipl-history
Sports,Nhumwa fears losing control of players,,https://www.newsday.co.zw/soccer/article/35955/nhumwa-fears-losing-control-of-players
Sports,,,https://www.newsday.co.zw/soccer/article/35955/nhumwa-fears-losing-control-of-players
Sports,The Bet9ja mobile platforms are some of the best on the entire market,,https://www.newsday.co.zw/soccer/article/36248/the-bet9ja-mobile-platforms-are-some-of-the-best-on-the-entire-market
Sports,,,https://www.newsday.co.zw/soccer/article/36248/the-bet9ja-mobile-platforms-are-some-of-the-best-on-the-entire-market
Sports,Taylor misses Afghan series,,https://www.newsday.co.zw/soccer/article/36899/taylor-misses-afghan-series
Sports,,,https://www.newsday.co.zw/soccer/article/36899/taylor-misses-afghan-series
Sports,"Man City’s Guardiola calls for fewer teams in Premier League, EFL",,https://www.newsday.co.zw/soccer/article/38507/man-city8217s-guardiola-calls-for-fewer-teams-in-premier-league-efl
Sports,,,https://www.newsday.co.zw/soccer/article/38507/man-city8217s-guardiola-calls-for-fewer-teams-in-premier-league-efl
Sports,Latest stories,,/
Sports,Rugby,,#
Sports,Rugby,Rugby,#
Sports,,"Zvishavane Bulls warningBy The NewsDayMar. 22, 2012",https://www.newsday.co.zw/rugby/article/222377/zvishavane-bulls-warning
Sports,Latest stories,,/
